OSNR,BER
0.000000000000000000e+00,1.586384999999999879e-01
2.000000000000000000e+00,1.039272499999999988e-01
4.000000000000000000e+00,5.651756250000000009e-02
6.000000000000000000e+00,2.303356250000000022e-02
8.000000000000000000e+00,6.007812500000000999e-03
1.000000000000000000e+01,7.848125000000001367e-04
1.200000000000000000e+01,3.681249999999999356e-05
1.400000000000000000e+01,1.875000000000000048e-07
1.600000000000000000e+01,0.000000000000000000e+00
1.800000000000000000e+01,0.000000000000000000e+00
2.000000000000000000e+01,0.000000000000000000e+00
2.200000000000000000e+01,0.000000000000000000e+00
2.400000000000000000e+01,0.000000000000000000e+00
2.600000000000000000e+01,0.000000000000000000e+00
2.800000000000000000e+01,0.000000000000000000e+00
3.000000000000000000e+01,0.000000000000000000e+00
